gene_name,num_replicates,p-value,p-value_significant,test_statistic,effect_size,q-value,q-value_significant
EGR1<sub>C049T</sub>,10.0,0.0008638629726504607,True,4.397065273868672,1.390474128585706,0.002591588917951382,True
TRMT10C<sub>G670A</sub>,5.0,0.11899753565853777,False,1.3860430812218374,0.6198573098710581,0.2549947192682952,False
ZC3H10<sub>G026C</sub>,3.0,0.9814384170332026,False,-5.044483523958734,-2.9124339204802068,0.9961178503039977,False
SECISBP2<sub>G357A</sub>,3.0,0.20872370038750981,False,1.0136083620950245,0.585207060708418,0.3913569382265809,False
CDC20<sub>G529A</sub>,9.0,0.004772864331448204,True,3.3867527764860825,1.1289175921620274,0.01193216082862051,True
RALY<sub>C927T</sub>,12.0,0.0006067421966208191,True,4.3205850889336315,1.2472454820762575,0.002591588917951382,True
PRKCB<sub>C963T</sub>,12.0,0.000796964561421131,True,4.158297687526756,1.2003971446320854,0.002591588917951382,True
MAP2K4<sub>G099A</sub>,4.0,0.9217153804134398,False,-1.8808125634953685,-0.9404062817476843,0.9961178503039977,False
TBX3<sub>G045A</sub>,4.0,0.9961178503039977,False,-6.389181430639836,-3.194590715319918,0.9961178503039977,False
FBXW7<sub>G413A</sub>,4.0,0.6529554273143172,False,-0.43325798027069035,-0.21662899013534517,0.9794331409714758,False
MAP1S<sub>C242T</sub>,4.0,0.9897839456461254,False,-4.504772560423471,-2.2523862802117356,0.9961178503039977,False
MECOM<sub>G814A</sub>,4.0,0.9692969381511211,False,-2.921809050760957,-1.4609045253804784,0.9961178503039977,False
FAM83B<sub>C199T</sub>,4.0,0.6370220632386341,False,-0.38493246670765513,-0.19246623335382756,0.9794331409714758,False
TFEB<sub>T989G</sub>,11.0,0.00027428246577967637,True,4.985974826110132,1.503327973851347,0.002057118493347573,True
MYB<sub>C964A</sub>,10.0,0.0001109882792192281,True,5.92541558260001,1.8737809324069614,0.0016648241882884216,True
